{"Ts": [100000], "Rewards": [[98, 100, 96, 98, 100, 100, 100, 100, 100, 98]], "Qs": [[6.062655448913574, 6.143800735473633, 6.140122413635254, 6.0080461502075195, 6.228485584259033, 6.3428754806518555, 6.389072418212891, 6.396925449371338, 6.331478118896484, 6.366788387298584, 6.2798261642456055, 5.965051651000977, 5.904733657836914, 5.5085530281066895, 5.529085636138916, 5.034031867980957, 5.021732330322266, 4.9925360679626465, 4.72113561630249, 4.500302314758301, 4.359082221984863, 4.905240535736084, 5.156650066375732, 5.507203578948975, 5.729528427124023, 5.259732723236084, 5.54231071472168, 5.1464409828186035, 5.307863235473633, 5.543646335601807, 5.374675750732422, 5.437248229980469, 5.470681190490723, 5.349653720855713, 5.397132396697998, 5.7176408767700195, 5.725028991699219, 5.651556968688965, 5.530529499053955, 5.818896770477295, 5.745949745178223, 5.596203804016113, 5.008033752441406, 4.933946132659912, 5.419092655181885, 5.773513317108154, 4.875927448272705, 5.624561786651611, 5.5762786865234375, 5.480945587158203, 5.8539228439331055, 6.139086723327637, 5.8459577560424805, 5.937883377075195, 5.8717451095581055, 5.820297718048096, 5.874241828918457, 5.988278388977051, 5.5297746658325195, 5.355343341827393, 5.32844877243042, 5.46605110168457, 5.326405048370361, 5.129405498504639, 5.251547813415527, 4.975139141082764, 4.467282772064209, 5.076557159423828, 5.0775346755981445, 5.205613136291504, 5.671920299530029, 5.463455677032471, 5.192124366760254, 5.467810153961182, 5.597541332244873, 5.8492560386657715, 5.517886161804199, 5.398683071136475, 5.22732400894165, 5.513710021972656, 5.628879547119141, 5.649785995483398, 5.501457214355469, 5.566664218902588, 5.010786056518555, 5.565150737762451, 5.316298961639404, 5.4566802978515625, 5.618638515472412, 5.539524078369141, 5.2922749519348145, 5.565468788146973, 5.009463787078857, 5.044110298156738, 4.730574131011963, 4.679520130157471, 5.08083963394165, 5.1914567947387695, 5.446068286895752, 4.851667881011963, 4.97563362121582, 4.766082286834717, 5.4027910232543945, 5.189791202545166, 5.229844093322754, 5.225494384765625, 5.111039638519287, 5.140353679656982, 4.923164367675781, 5.347782135009766, 5.506921291351318, 5.286274433135986, 5.408117771148682, 5.22658109664917, 5.761232376098633, 5.773649215698242, 5.701108932495117, 5.490192890167236, 5.3924784660339355, 4.899769306182861, 5.558277130126953, 5.526821613311768, 5.7581257820129395, 5.795934677124023, 5.778659343719482, 5.719151020050049, 5.499476909637451, 5.572889804840088, 5.756844997406006, 5.494088649749756, 5.715774059295654, 5.468242168426514, 5.534007549285889, 5.899557113647461, 5.8040595054626465, 5.697655200958252, 5.622119426727295, 5.774767875671387, 5.651725769042969, 5.135764122009277, 5.636678695678711, 5.359091758728027, 5.4007344245910645, 5.584933280944824, 5.39661979675293, 5.1533427238464355, 5.735157012939453, 5.84664249420166, 5.648446083068848, 5.6799798011779785, 5.580253601074219, 5.3648786544799805, 5.393474578857422, 5.376367568969727, 5.601785659790039, 5.619317054748535, 5.278938293457031, 5.812759876251221, 5.513431549072266, 5.604284286499023, 5.49666166305542, 6.092618465423584, 5.7320427894592285, 5.653962135314941, 5.525578022003174, 5.956531047821045, 5.528401851654053, 5.878209590911865, 5.797621726989746, 5.324504375457764, 5.802465915679932, 5.212811470031738, 5.311583995819092, 5.512403964996338, 5.316526889801025, 5.346163749694824, 5.462058067321777, 4.977745056152344, 5.368741989135742, 5.455995559692383, 5.28646183013916, 5.128543376922607, 4.978785037994385, 5.058564186096191, 5.162428379058838, 5.173655986785889, 5.112891674041748, 5.213694095611572, 5.24160623550415, 5.538980484008789, 5.506429195404053, 5.44404411315918, 5.602514743804932, 5.598664283752441, 5.326355934143066, 5.0785908699035645, 5.814025402069092, 5.6043477058410645, 5.182222366333008, 5.497012138366699, 5.515066146850586, 5.383147716522217, 5.61845588684082, 5.430265426635742, 5.051995277404785, 5.134919166564941, 5.18018102645874, 5.165046691894531, 5.365009307861328, 5.094827651977539, 5.081296443939209, 5.024106502532959, 4.843778610229492, 5.330446243286133, 5.373619556427002, 5.303508758544922, 5.309173107147217, 4.904165744781494, 4.693056106567383, 5.306285381317139, 5.601753234863281, 5.437196731567383, 5.564479351043701, 5.435728549957275, 5.4942803382873535, 5.4273762702941895, 5.60346794128418, 5.320404529571533, 5.197416305541992, 4.927624702453613, 4.885256767272949, 5.320817470550537, 5.277961254119873, 5.308202266693115, 5.280311584472656, 5.026726245880127, 5.203850269317627, 5.34774112701416, 5.85153341293335, 5.822137832641602, 5.521063327789307, 5.448543548583984, 5.62246036529541, 5.805918216705322, 5.734792232513428, 5.709019184112549, 5.7147369384765625, 5.784921169281006, 5.497767925262451, 5.789690017700195, 5.627484321594238, 5.732301235198975, 5.708576679229736, 5.849737644195557, 5.8827314376831055, 6.0070672035217285, 5.982178688049316, 6.4103217124938965, 6.312352657318115, 6.0218682289123535, 6.1360182762146, 6.343478202819824, 6.306790828704834, 6.044274806976318, 6.225344181060791, 6.120841979980469, 6.192007541656494, 6.236679553985596, 6.160392761230469, 6.20952844619751, 6.283291339874268, 6.013548374176025, 6.07427978515625, 5.882205963134766, 5.749026298522949, 5.803892612457275, 5.748445510864258, 5.848104953765869, 6.055083274841309, 6.195451736450195, 5.911494255065918, 5.640076637268066, 5.510368347167969, 5.808003902435303, 5.747925281524658, 5.689167499542236, 5.537047386169434, 5.385232925415039, 5.287735462188721, 5.5470452308654785, 5.804933547973633, 5.754537105560303, 5.568836688995361, 5.878629684448242, 5.327263832092285, 5.230794906616211, 5.316988468170166, 4.8697638511657715, 5.348369121551514, 6.220085620880127, 5.404083251953125, 5.446123123168945, 5.392483234405518, 5.307785987854004, 5.236952781677246, 5.439175128936768, 4.961581230163574, 5.139835357666016, 5.319581508636475, 5.434834957122803, 5.266655921936035, 4.950931072235107, 5.17450475692749, 5.12877893447876, 5.052971363067627, 4.945803165435791, 5.142953395843506, 5.160157203674316, 5.16680383682251, 5.605072975158691, 5.547018051147461, 5.197843074798584, 5.259176731109619, 4.616721153259277, 5.879962921142578, 5.72132682800293, 5.719747543334961, 5.773591041564941, 5.462730884552002, 5.366214752197266, 5.143619060516357, 5.2196855545043945, 5.090956211090088, 5.015637397766113, 5.044821262359619, 5.1125969886779785, 5.33476448059082, 5.487747669219971, 5.285660743713379, 4.989749908447266, 4.945387363433838, 5.072939395904541, 5.07033109664917, 4.828752040863037, 4.792848110198975, 5.10653018951416, 5.192048072814941, 5.215610980987549, 5.676248550415039, 5.753008842468262, 5.829229831695557, 6.045473098754883, 5.4068498611450195, 5.570199012756348, 5.430619716644287, 5.886137962341309, 5.664175987243652, 5.418991565704346, 5.421433925628662, 5.157556533813477, 4.458671569824219, 4.847276210784912, 5.297082424163818, 5.410991668701172, 5.392106056213379, 5.694170951843262, 5.595035552978516, 5.075923442840576, 5.014287948608398, 5.045435428619385, 4.926032066345215, 5.003859519958496, 5.208531856536865, 5.317126274108887, 4.971480369567871, 4.829435348510742, 5.017454147338867, 4.816195011138916, 3.810102701187134, 4.389027118682861, 4.505697250366211, 5.191833972930908, 4.64064359664917, 4.650237083435059, 4.48384952545166, 4.635509014129639, 4.783999443054199, 4.976639270782471, 5.115628719329834, 4.369564533233643, 4.623140811920166, 4.938008785247803, 4.838804244995117, 5.039503574371338, 5.0386810302734375, 5.405193328857422, 4.9321818351745605, 4.5821332931518555, 5.019231796264648, 4.678598403930664, 4.4918622970581055, 4.562037467956543, 4.750802516937256, 5.145562648773193, 5.007633686065674, 5.007415771484375, 5.035241603851318, 5.315815448760986, 5.489170551300049, 5.503303050994873, 5.182841777801514, 5.262648105621338, 5.188849925994873, 5.078247547149658, 5.235640525817871, 5.047756671905518,