{"Rewards": [[0, 0, 0, 0, 0, 36, 0, 0, 0, 0]], "Qs": [[0.1934705376625061, 0.1908375322818756, 0.18864622712135315, 0.17891375720500946, 0.17896631360054016, 0.17891304194927216, 0.17895948886871338, 0.178877592086792, 0.1788719743490219, 0.17890754342079163, 0.17886433005332947, 0.17894122004508972, 0.17896631360054016, 0.17892634868621826, 0.17887847125530243, 0.17889486253261566, 0.17884644865989685, 0.17888543009757996, 0.1789332777261734, 0.17891375720500946, 0.17896631360054016, 0.17891304194927216, 0.17895948886871338, 0.178877592086792, 0.1788719743490219, 0.17890754342079163, 0.17886433005332947, 0.17894122004508972, 0.17896416783332825, 0.17904284596443176, 0.17930102348327637, 0.1790841817855835, 0.1789749264717102, 0.1793893724679947, 0.17943242192268372, 0.1793474704027176, 0.17945173382759094, 0.17942336201667786, 0.18003766238689423, 0.179952472448349, 0.18015530705451965, 0.1801793873310089, 0.179942786693573, 0.1799928843975067, 0.17993949353694916, 0.18008500337600708, 0.18006086349487305, 0.18013045191764832, 0.18019546568393707, 0.17983272671699524, 0.1800479292869568, 0.1800127625465393, 0.17997458577156067, 0.17995981872081757, 0.17961421608924866, 0.17963914573192596, 0.17945100367069244, 0.17957669496536255, 0.1794854700565338, 0.17910778522491455, 0.17954912781715393, 0.17970781028270721, 0.18022705614566803, 0.18011122941970825, 0.1799609363079071, 0.17945249378681183, 0.17903125286102295, 0.17883078753948212, 0.17881779372692108, 0.178630068898201, 0.17932039499282837, 0.1793041229248047, 0.1789669394493103, 0.17937606573104858, 0.17923957109451294, 0.17887714505195618, 0.17884424328804016, 0.1793641895055771, 0.17906001210212708, 0.1790454089641571, 0.17923998832702637, 0.17975245416164398, 0.17979426681995392, 0.18015418946743011, 0.17980462312698364, 0.1801673173904419, 0.18001335859298706, 0.18045476078987122, 0.17976683378219604, 0.18025001883506775, 0.17957507073879242, 0.17941966652870178, 0.17889223992824554, 0.17892220616340637, 0.1802046000957489, 0.18000292778015137, 0.17918339371681213, 0.1790277659893036, 0.17910602688789368, 0.17834149301052094, 0.1783858835697174, 0.17792120575904846, 0.17757710814476013, 0.1779944896697998, 0.17748111486434937, 0.1783229410648346, 0.17818883061408997, 0.17843188345432281, 0.1784432828426361, 0.17883555591106415, 0.1789957880973816, 0.17914070188999176, 0.1794183999300003, 0.1795203983783722, 0.1793384999036789, 0.17849591374397278, 0.17901241779327393, 0.17895738780498505, 0.17856895923614502, 0.17844760417938232, 0.1782832145690918, 0.1779804229736328, 0.17874929308891296, 0.1785576343536377, 0.1790441870689392, 0.17826122045516968, 0.17873665690422058, 0.17880681157112122, 0.17865341901779175, 0.179156094789505, 0.17840097844600677, 0.17803844809532166, 0.17819947004318237, 0.17882758378982544, 0.1783078908920288, 0.17868861556053162, 0.17834070324897766, 0.17803187668323517, 0.17757922410964966, 0.17750713229179382, 0.17786677181720734, 0.17781472206115723, 0.17791375517845154, 0.17829427123069763, 0.17770901322364807, 0.17731907963752747, 0.17764633893966675, 0.17795085906982422, 0.17849482595920563, 0.1784917116165161, 0.1783391833305359, 0.1781979203224182, 0.17882677912712097, 0.17768467962741852, 0.17827963829040527, 0.17796677350997925, 0.17767775058746338, 0.17811280488967896, 0.17741093039512634, 0.1787479817867279, 0.17911553382873535, 0.1786576807498932, 0.17788437008857727, 0.17838677763938904, 0.17769885063171387, 0.17800982296466827, 0.17830628156661987, 0.17834699153900146, 0.178390771150589, 0.17919456958770752, 0.17905253171920776, 0.1787990778684616, 0.17931322753429413, 0.17941787838935852, 0.1789747178554535, 0.17935755848884583, 0.17924240231513977, 0.18002553284168243, 0.17884030938148499, 0.17909127473831177, 0.17910407483577728, 0.17941582202911377, 0.17860117554664612, 0.17912107706069946, 0.18006715178489685, 0.17895950376987457, 0.1797960102558136, 0.1795959621667862, 0.17953619360923767, 0.17979654669761658, 0.17958492040634155, 0.1793382614850998, 0.17955809831619263, 0.17993097007274628, 0.1797591894865036, 0.17967070639133453, 0.1793113350868225, 0.17967471480369568, 0.17926594614982605, 0.17944049835205078, 0.17968520522117615, 0.17979639768600464, 0.1792910397052765, 0.17939503490924835, 0.17932699620723724, 0.17948099970817566, 0.179438978433609, 0.1794489622116089, 0.18005353212356567, 0.1797645390033722, 0.17957767844200134, 0.18378856778144836, 0.18644152581691742, 0.1876605600118637, 0.1933305561542511, 0.1937800496816635, 0.1940384805202484, 0.19375835359096527, 0.19458863139152527, 0.19538135826587677, 0.19466830790042877, 0.19526277482509613, 0.19508609175682068, 0.1950259953737259, 0.19447588920593262, 0.19398753345012665, 0.1940377652645111, 0.19346746802330017, 0.19330427050590515, 0.19389456510543823, 0.19395911693572998, 0.19379691779613495, 0.1933225393295288, 0.19304342567920685, 0.19346490502357483, 0.1934974193572998, 0.19330672919750214, 0.1938970983028412, 0.19423264265060425, 0.19405002892017365, 0.19416242837905884, 0.19337740540504456, 0.19400934875011444, 0.1948898434638977, 0.1937328577041626, 0.19387488067150116, 0.19438910484313965, 0.19403761625289917, 0.19424189627170563, 0.19440382719039917, 0.19462086260318756, 0.1945170760154724, 0.19456572830677032, 0.1935514509677887, 0.19393852353096008, 0.19384169578552246, 0.19377556443214417, 0.19301018118858337, 0.19319088757038116, 0.19392186403274536, 0.19354648888111115, 0.1928980052471161, 0.19326083362102509, 0.19347110390663147, 0.19364744424819946, 0.1938570737838745, 0.19386745989322662, 0.19337111711502075, 0.19382870197296143, 0.1930375099182129, 0.1934812068939209, 0.19374075531959534, 0.1941365897655487, 0.1939685344696045, 0.1940089464187622, 0.1944097876548767, 0.19449198246002197, 0.19372883439064026, 0.19397678971290588, 0.19374625384807587, 0.1937975287437439, 0.19415779411792755, 0.1936165690422058, 0.19222286343574524, 0.19321967661380768, 0.19355496764183044, 0.19364294409751892, 0.19380903244018555, 0.1943090260028839, 0.1940934658050537, 0.19411003589630127, 0.19441810250282288, 0.19393891096115112, 0.19338956475257874, 0.19365544617176056, 0.19376620650291443, 0.19382533431053162, 0.19358699023723602, 0.19396471977233887, 0.19435249269008636, 0.19473326206207275, 0.19419829547405243, 0.19450104236602783, 0.19490240514278412, 0.19485056400299072, 0.19444188475608826, 0.19503989815711975, 0.19467945396900177, 0.1949349343776703, 0.1945040374994278, 0.19490116834640503, 0.199423685669899, 0.20412302017211914, 0.20723803341388702, 0.20911017060279846, 0.2092151939868927, 0.21078580617904663, 0.21401652693748474, 0.21278034150600433, 0.21232642233371735, 0.21147505939006805, 0.21541926264762878, 0.2164229154586792, 0.21284303069114685, 0.21218320727348328, 0.2121439278125763, 0.21394281089305878, 0.209364652633667, 0.20848439633846283, 0.2105604112148285, 0.21090151369571686, 0.2113349884748459, 0.21000678837299347, 0.2117864191532135, 0.21030232310295105, 0.21221475303173065, 0.21229782700538635, 0.21046182513237, 0.2101091742515564, 0.21061870455741882, 0.21140441298484802, 0.2141420543193817, 0.21133866906166077, 0.21193571388721466, 0.21108168363571167, 0.21580663323402405, 0.21608686447143555, 0.21238330006599426, 0.21204820275306702, 0.2108992040157318, 0.21185699105262756, 0.20840200781822205, 0.20748242735862732, 0.20897120237350464, 0.20957370102405548, 0.21059171855449677, 0.20858904719352722, 0.2113250494003296, 0.21089991927146912, 0.2128472626209259, 0.21282726526260376, 0.2098013162612915, 0.21090339124202728, 0.21079473197460175, 0.21210581064224243, 0.214971661567688, 0.2124260663986206, 0.21155521273612976, 0.21036826074123383, 0.21490156650543213, 0.21707427501678467, 0.21348917484283447, 0.21295076608657837, 0.2126198709011078, 0.21369650959968567, 0.21093875169754028, 0.20934610068798065, 0.2115105539560318, 0.21135951578617096, 0.21193884313106537, 0.2115088403224945, 0.21363896131515503, 0.2125411033630371, 0.21424300968647003, 