{"Ts": [100000], "Rewards": [[0, 0, 0, 0, 0, 0, 0, 0, 0, 0]], "Qs": [[0.2435305267572403, 0.23990187048912048, 0.23558852076530457, 0.22432401776313782, 0.22437292337417603, 0.22433769702911377, 0.22431662678718567, 0.22425192594528198, 0.22425803542137146, 0.22429820895195007, 0.2243044674396515, 0.2243717610836029, 0.22437292337417603, 0.22440022230148315, 0.22434154152870178, 0.22433239221572876, 0.22426703572273254, 0.2242373824119568, 0.22430023550987244, 0.22432401776313782, 0.22437292337417603, 0.22433769702911377, 0.22431662678718567, 0.22425192594528198, 0.22425803542137146, 0.22429820895195007, 0.2243044674396515, 0.2243717610836029, 0.22439360618591309, 0.22477731108665466, 0.22503674030303955, 0.2249085009098053, 0.22485916316509247, 0.2250904142856598, 0.22495612502098083, 0.22524189949035645, 0.22523128986358643, 0.22541853785514832, 0.2260485291481018, 0.22616362571716309, 0.22605016827583313, 0.22578804194927216, 0.22549669444561005, 0.22545094788074493, 0.22547322511672974, 0.22562256455421448, 0.22565150260925293, 0.22540396451950073, 0.22498682141304016, 0.2246858775615692, 0.22474412620067596, 0.22405940294265747, 0.2242647409439087, 0.22413288056850433, 0.22411955893039703, 0.22423240542411804, 0.2240818440914154, 0.224209725856781, 0.2240685224533081, 0.22384235262870789, 0.22398781776428223, 0.22421081364154816, 0.22451722621917725, 0.2249981164932251, 0.2248774915933609, 0.2247001826763153, 0.2248707413673401, 0.22478774189949036, 0.22486421465873718, 0.2249273955821991, 0.2255862057209015, 0.225183367729187, 0.22483894228935242, 0.22522753477096558, 0.22524327039718628, 0.22500374913215637, 0.22530707716941833, 0.22598686814308167, 0.22558794915676117, 0.22524309158325195, 0.22499026358127594, 0.22475847601890564, 0.22515377402305603, 0.22473838925361633, 0.22485604882240295, 0.2244221568107605, 0.22431409358978271, 0.2248765081167221, 0.2244371771812439, 0.22431853413581848, 0.22407624125480652, 0.22373537719249725, 0.2239828258752823, 0.22423844039440155, 0.2248169630765915, 0.2252483367919922, 0.22452279925346375, 0.22493575513362885, 0.2246856391429901, 0.22409966588020325, 0.22406688332557678, 0.22387930750846863, 0.2241065502166748, 0.2239532172679901, 0.22414720058441162, 0.22376906871795654, 0.2238021343946457, 0.2233233004808426, 0.22372694313526154, 0.22384420037269592, 0.22370371222496033, 0.22449025511741638, 0.22475261986255646, 0.22450268268585205, 0.22422708570957184, 0.22354766726493835, 0.22471611201763153, 0.2240094393491745, 0.2236185371875763, 0.22318720817565918, 0.2236594557762146, 0.22415898740291595, 0.22487729787826538, 0.22473782300949097, 0.22465848922729492, 0.22439076006412506, 0.22426298260688782, 0.22445087134838104, 0.22474689781665802, 0.22468411922454834, 0.22373896837234497, 0.2237291783094406, 0.2237006574869156, 0.2234402596950531, 0.2230583131313324, 0.2236015498638153, 0.2232455462217331, 0.22288529574871063, 0.22324112057685852, 0.22308559715747833, 0.223488911986351, 0.22356106340885162, 0.22376210987567902, 0.2241012156009674, 0.22418631613254547, 0.2243136763572693, 0.22399991750717163, 0.2238057404756546, 0.22459977865219116, 0.22449219226837158, 0.22507315874099731, 0.22461269795894623, 0.22368228435516357, 0.22329042851924896, 0.2236699014902115, 0.22409725189208984, 0.22410733997821808, 0.2235875129699707, 0.22369761765003204, 0.22416946291923523, 0.22424174845218658, 0.22355769574642181, 0.22325150668621063, 0.22386670112609863, 0.22397613525390625, 0.22373488545417786, 0.22375796735286713, 0.22314831614494324, 0.22375866770744324, 0.2241116464138031, 0.22420719265937805, 0.22403132915496826, 0.22512763738632202, 0.22536155581474304, 0.22446614503860474, 0.22465424239635468, 0.22484150528907776, 0.22534598410129547, 0.22437456250190735, 0.22482362389564514, 0.22424878180027008, 0.22434097528457642, 0.22416462004184723, 0.22472386062145233, 0.22493165731430054, 0.22386977076530457, 0.22507351636886597, 0.22427108883857727, 0.22438165545463562, 0.2247701734304428, 0.22461888194084167, 0.2243133783340454, 0.224627286195755, 0.22426752746105194, 0.2244744747877121, 0.22459137439727783, 0.22431538999080658, 0.22417935729026794, 0.22417306900024414, 0.22397848963737488, 0.22447234392166138, 0.22413179278373718, 0.22442734241485596, 0.22418971359729767, 0.22444407641887665, 0.22440053522586823, 0.2250373363494873, 0.224802628159523, 0.2252587527036667, 0.22515451908111572, 0.22510457038879395, 0.2327883392572403, 0.23806583881378174, 0.2428383231163025, 0.24989280104637146, 0.24985574185848236, 0.24908265471458435, 0.24866324663162231, 0.2493361234664917, 0.2496948391199112, 0.24944263696670532, 0.24967195093631744, 0.2500059902667999, 0.24976502358913422, 0.24942266941070557, 0.24825191497802734, 0.24857550859451294, 0.24795055389404297, 0.24791723489761353, 0.24872088432312012, 0.24819150567054749, 0.24778667092323303, 0.24823614954948425, 0.2476651817560196, 0.24747198820114136, 0.24769431352615356, 0.24802866578102112, 0.24897338449954987, 0.24900312721729279, 0.24857403337955475, 0.24894636869430542, 0.24820706248283386, 0.2487449049949646, 0.24942640960216522, 0.24830782413482666, 0.24856290221214294, 0.24846693873405457, 0.24863512814044952, 0.248612642288208, 0.2487788200378418, 0.24913428723812103, 0.24904131889343262, 0.24928537011146545, 0.24896150827407837, 0.24890249967575073, 0.24878624081611633, 0.2484923005104065, 0.2476315051317215, 0.24774906039237976, 0.24786904454231262, 0.24742001295089722, 0.2466178834438324, 0.24645432829856873, 0.24646145105361938, 0.2472831755876541, 0.24834848940372467, 0.247778981924057, 0.24750109016895294, 0.247214674949646, 0.24770137667655945, 0.24760276079177856, 0.2477380931377411, 0.24838492274284363, 0.24875210225582123, 0.24863556027412415, 0.24838818609714508, 0.24863311648368835, 0.24896976351737976, 0.24895864725112915, 0.24947918951511383, 0.24962261319160461, 0.2492641806602478, 0.24822236597537994, 0.2483467310667038, 0.2480282336473465, 0.24863776564598083, 0.24866001307964325, 0.24891459941864014, 0.24946022033691406, 0.24881526827812195, 0.2484409213066101, 0.24957546591758728, 0.2487303614616394, 0.248324915766716, 0.24896115064620972, 0.2495264708995819, 0.24943649768829346, 0.24966657161712646, 0.24896159768104553, 0.2488347589969635, 0.24904358386993408, 0.24855946004390717, 0.24869424104690552, 0.24942803382873535, 0.24915829300880432, 0.24863940477371216, 0.24828626215457916, 0.24791580438613892, 0.2479565441608429, 0.24804583191871643, 0.2483256608247757, 0.2524224519729614, 0.2535873055458069, 0.25863444805145264, 0.2597607374191284, 0.25921082496643066, 0.25986725091934204, 0.26010993123054504, 0.25969788432121277, 0.26072582602500916, 0.26063162088394165, 0.2603406608104706, 0.26173800230026245, 0.26094895601272583, 0.260393887758255, 0.26038858294487, 0.2605817914009094, 0.2582426369190216, 0.25863486528396606, 0.25796663761138916, 0.25916895270347595, 0.2588157653808594, 0.2592628002166748, 0.2577442526817322, 0.2588155269622803, 0.2583189904689789, 0.25730806589126587, 0.2587624490261078, 0.2597840428352356, 0.26063913106918335, 0.26141998171806335, 0.2609630227088928, 0.25942105054855347, 0.26121821999549866, 0.2609909772872925, 0.26155275106430054, 0.26241588592529297, 0.26091527938842773, 0.26064255833625793, 0.25950348377227783, 0.2592516243457794, 0.25715172290802, 0.25624316930770874, 0.25625085830688477, 0.25752151012420654, 0.2575693428516388, 0.2581656575202942, 0.2587176561355591, 0.25952857732772827, 0.2597830891609192, 0.25877535343170166, 0.25951558351516724, 0.26115426421165466, 0.2606278657913208, 0.26162222027778625, 0.2621222138404846, 0.260333776473999, 0.2608272433280945, 0.2606220245361328, 0.2604772448539734, 0.26242977380752563, 0.2616870403289795, 0.26220381259918213, 0.26178938150405884, 0.260808527469635, 0.25858134031295776, 0.2588566243648529, 0.2583145499229431, 0.2590540051460266, 0.2589169144630432, 0.2599434554576874, 0.2597780227661133, 0.2602790594100952, 0.2595326602458954, 