{"Rewards": [[2655, 1368, 1872, 1800, 3024, 2943, 2286, 1341, 1350, 2520]], "Qs": [[0.1657009720802307, 0.1625792682170868, 0.15925604104995728, 0.1521114706993103, 0.15205799043178558, 0.1520272046327591, 0.15201497077941895, 0.15197217464447021, 0.15202760696411133, 0.15206122398376465, 0.1520654261112213, 0.15201884508132935, 0.152004212141037, 0.15196150541305542, 0.15196147561073303, 0.1520022749900818, 0.15202060341835022, 0.15206122398376465, 0.1520651876926422, 0.1521114706993103, 0.15205799043178558, 0.1520272046327591, 0.15201497077941895, 0.15197217464447021, 0.15202760696411133, 0.15206122398376465, 0.15232478082180023, 0.1524103879928589, 0.15216383337974548, 0.15192565321922302, 0.15232709050178528, 0.1521788090467453, 0.1525387465953827, 0.15272100269794464, 0.1527934968471527, 0.15342211723327637, 0.15319931507110596, 0.15314963459968567, 0.15316778421401978, 0.1529443860054016, 0.1529216468334198, 0.15302905440330505, 0.15287865698337555, 0.15285880863666534, 0.15286687016487122, 0.15247714519500732, 0.1522819697856903, 0.1521521657705307, 0.15149490535259247, 0.15176977217197418, 0.151432067155838, 0.15121686458587646, 0.1511778086423874, 0.15110035240650177, 0.1513403356075287, 0.15118539333343506, 0.1511024683713913, 0.15101587772369385, 0.15124325454235077, 0.15174564719200134, 0.15150906145572662, 0.15132835507392883, 0.15131817758083344, 0.15141311287879944, 0.15128777921199799, 0.151286318898201, 0.15162473917007446, 0.1521121859550476, 0.15182211995124817, 0.15176768600940704, 0.15201351046562195, 0.15173307061195374, 0.1519462615251541, 0.15265114605426788, 0.15270371735095978, 0.1527298539876938, 0.15262269973754883, 0.1529199331998825, 0.15216414630413055, 0.1525171995162964, 0.15214698016643524, 0.1526622176170349, 0.15144860744476318, 0.15223851799964905, 0.15182770788669586, 0.15205127000808716, 0.15146784484386444, 0.151442289352417, 0.1517515331506729, 0.15186581015586853, 0.15231609344482422, 0.15188881754875183, 0.1511480212211609, 0.15145058929920197, 0.15150904655456543, 0.15111581981182098, 0.15076707303524017, 0.1511484980583191, 0.15135905146598816, 0.15135475993156433, 0.15092064440250397, 0.15161794424057007, 0.15132100880146027, 0.15096773207187653, 0.15053226053714752, 0.15104056894779205, 0.15039148926734924, 0.15065953135490417, 0.1509903371334076, 0.15057474374771118, 0.1514478474855423, 0.15079644322395325, 0.15136629343032837, 0.15102523565292358, 0.15134768187999725, 0.1502513587474823, 0.15064522624015808, 0.15019077062606812, 0.15052175521850586, 0.15076260268688202, 0.15252187848091125, 0.15206795930862427, 0.15169888734817505, 0.15123197436332703, 0.15232858061790466, 0.15131407976150513, 0.15092213451862335, 0.15177831053733826, 0.1508169323205948, 0.1512707620859146, 0.1510559767484665, 0.14996421337127686, 0.14974431693553925, 0.14977386593818665, 0.14980265498161316, 0.14937666058540344, 0.14907468855381012, 0.15055117011070251, 0.1497858762741089, 0.15023523569107056, 0.150179922580719, 0.15114620327949524, 0.15051022171974182, 0.1507798731327057, 0.15117499232292175, 0.15172511339187622, 0.1516725867986679, 0.15088140964508057, 0.15065893530845642, 0.1507207304239273, 0.15181918442249298, 0.15189124643802643, 0.15182778239250183, 0.15176017582416534, 0.15182894468307495, 0.15165013074874878, 0.15063036978244781, 0.1514846384525299, 0.15196406841278076, 0.15143166482448578, 0.15123578906059265, 0.15066440403461456, 0.15012887120246887, 0.15035191178321838, 0.14992204308509827, 0.15022920072078705, 0.15023261308670044, 0.15056154131889343, 0.14991335570812225, 0.15059754252433777, 0.15108248591423035, 0.15047776699066162, 0.1503518521785736, 0.15121163427829742, 0.15084584057331085, 0.15111088752746582, 0.15125861763954163, 0.15184634923934937, 0.1511017084121704, 0.1517970710992813, 0.15148848295211792, 0.15085488557815552, 0.15095022320747375, 0.15142464637756348, 0.15122807025909424, 0.1516251266002655, 0.15233930945396423, 0.15159189701080322, 0.15123938024044037, 0.15137062966823578, 0.1514762043952942, 0.15146318078041077, 0.15139053761959076, 0.15156739950180054, 0.15149864554405212, 0.15108641982078552, 0.15101486444473267, 0.15118619799613953, 0.15644626319408417, 0.1598042994737625, 0.16388845443725586, 0.16850808262825012, 0.16897007822990417, 0.1686234176158905, 0.16784492135047913, 0.16824260354042053, 0.168390154838562, 0.16835646331310272, 0.16869202256202698, 0.16870808601379395, 0.16832879185676575, 0.16848912835121155, 0.16797077655792236, 0.1681201308965683, 0.1673375368118286, 0.1671518236398697, 0.1672566831111908, 0.166861429810524, 0.16673366725444794, 0.1667638123035431, 0.1665356457233429, 0.16665855050086975, 0.167437344789505, 0.16755536198616028, 0.16735577583312988, 0.16763390600681305, 0.167159765958786, 0.1675572693347931, 0.1672767698764801, 0.16849619150161743, 0.1685640960931778, 0.16830477118492126, 0.16831877827644348, 0.16800712049007416, 0.16803228855133057, 0.16786572337150574, 0.16815584897994995, 0.1684798002243042, 0.1680743396282196, 0.16912609338760376, 0.16843891143798828, 0.16829118132591248, 0.16855788230895996, 0.1681405007839203, 0.16830816864967346, 0.16847771406173706, 0.16862833499908447, 0.16805757582187653, 0.16729456186294556, 0.16752129793167114, 0.16759836673736572, 0.16747187077999115, 0.16883189976215363, 0.1684587448835373, 0.1681307703256607, 0.16777530312538147, 0.16742393374443054, 0.16758710145950317, 0.16752347350120544, 0.16802248358726501, 0.16840530931949615, 0.1682288497686386, 0.1679995357990265, 0.16816169023513794, 0.16826842725276947, 0.16847360134124756, 0.16858899593353271, 0.16859760880470276, 0.16867944598197937, 0.16848832368850708, 0.16834703087806702, 0.16836103796958923, 0.16891901195049286, 0.16868245601654053, 0.1685858964920044, 0.16926823556423187, 0.16878291964530945, 0.1687886118888855, 0.16897356510162354, 0.16838175058364868, 0.16826677322387695, 0.16855564713478088, 0.16859745979309082, 0.16910390555858612, 0.169562429189682, 0.1693301796913147, 0.16885918378829956, 0.16879254579544067, 0.16833454370498657, 0.16823269426822662, 0.1683642566204071, 0.16807638108730316, 0.16767600178718567, 0.16764643788337708, 0.16740682721138, 0.16716726124286652, 0.16727802157402039, 0.1679285168647766, 0.1710883527994156, 0.1686858981847763, 0.1701841652393341, 0.16753625869750977, 0.16698554158210754, 0.16743597388267517, 0.1667654812335968, 0.16573627293109894, 0.16649265587329865, 0.16694611310958862, 0.16901051998138428, 0.1699906885623932, 0.16715852916240692, 0.16620376706123352, 0.16696973145008087, 0.16771405935287476, 0.1650790274143219, 0.16425952315330505, 0.16553360223770142, 0.16656304895877838, 0.16688990592956543, 0.16630369424819946, 0.16635620594024658, 0.1657428741455078, 0.1674797236919403, 0.16554416716098785, 0.16710513830184937, 0.16844771802425385, 0.1682998239994049, 0.16788426041603088, 0.16764609515666962, 0.16614045202732086, 0.1669841706752777, 0.16768856346607208, 0.1688225120306015, 0.17029507458209991, 0.1661563217639923, 0.16818596422672272, 0.1673215627670288, 0.16879571974277496, 0.16654084622859955, 0.16545569896697998, 0.1654578149318695, 0.16676664352416992, 0.1661369651556015, 0.16510437428951263, 0.1646413952112198, 0.16552209854125977, 0.16927844285964966, 0.16637298464775085, 0.16826137900352478, 0.16936960816383362, 0.16816622018814087, 0.1681060492992401, 0.16798891127109528, 0.1662532091140747, 0.1682514250278473, 0.1689108908176422, 0.17073269188404083, 0.17041286826133728, 0.16697147488594055, 0.16752755641937256, 0.16761863231658936, 0.16855308413505554, 0.16571590304374695, 0.16537810862064362, 0.16551145911216736, 0.1688532531261444, 0.1681177020072937, 0.16788087785243988, 0.16690880060195923, 0.16743530333042145, 0.16928021609783173, 0.16734644770622253, 0.1688576638698578, 0.17063748836517334, 0.16938330233097076, 0.1699080467224121, 0.17022502422332764, 0.16794289648532867, 0.16774824261665344, 0.1688407063484192, 0.1696034073829651, 0.17062348127365112, 